stage	genotype	score
2	KIR:KIR00405,KIR:KIR00316	-599.7089
2	KIR:KIR00010,KIR:KIR01089	-599.0744
2	KIR:KIR00010,KIR:KIR00411	-597.8475
2	KIR:KIR00618,KIR:KIR00411	-589.2818
2	KIR:KIR00407,KIR:KIR00012	-598.3702
2	KIR:KIR00645,KIR:KIR00316	-599.4831
2	KIR:KIR00618,KIR:KIR00335	-588.6569
2	KIR:KIR00618,KIR:KIR00316	-582.7527
2	KIR:KIR00618,KIR:KIR00408	-589.0079
2	KIR:KIR00618,KIR:KIR00012	-583.6477
2	KIR:KIR00630,KIR:KIR00316	-599.0763
2	KIR:KIR00010,KIR:KIR00316	-598.9494
2	KIR:KIR00407,KIR:KIR00316	-598.8667
2	KIR:KIR00618,KIR:KIR00409	-589.3133
2	KIR:KIR00630,KIR:KIR00012	-599.0354
2	KIR:KIR00010,KIR:KIR00012	-598.4335
2	KIR:KIR00407,KIR:KIR01089	-599.0112
2	KIR:KIR00010,KIR:KIR00406	-597.2525
2	KIR:KIR00618,KIR:KIR00406	-586.6731
2	KIR:KIR00618,KIR:KIR01089	-586.0387
