KIR2DL1	1	KIR2DL1*003	147.045856	58	.	0	-1	
KIR2DL2	1	KIR2DL2*003	138.116746	47	.	0	-1	
KIR2DL3	1	KIR2DL3*006	150.080342	54	.	0	-1	
KIR2DL4	2	KIR2DL4*011	90.329750	51	KIR2DL4*006	87.129772	49	KIR2DL4*008;68.041818;35
KIR2DL5A	1	KIR2DL5A*012	96.340097	45	.	0	-1	
KIR2DL5B	1	KIR2DL5B*008	59.371686	19	.	0	-1	
KIR2DP1	1	KIR2DP1*007	156.996388	59	.	0	-1	
KIR2DS1	1	KIR2DS1*002	142.809652	50	.	0	-1	
KIR2DS2	1	KIR2DS2*001	155.523063	54	.	0	-1	
KIR2DS3	1	KIR2DS3*003	13.768900	0	.	0	-1	
KIR2DS4	1	KIR2DS4*006	127.213525	48	.	0	-1	
KIR2DS5	1	KIR2DS5*002	149.402963	57	.	0	-1	
KIR3DL1	1	KIR3DL1*004	161.078606	60	.	0	-1	
KIR3DL2	2	KIR3DL2*007	142.269063	60	KIR3DL2*003	106.333870	47	
KIR3DL3	2	KIR3DL3*034	47.247887	14	KIR3DL3*008	35.728955	8	KIR3DL3*002;37.903544;9
KIR3DP1	2	KIR3DP1*010	153.677299	60	KIR3DP1*009	61.379088	26	KIR3DP1*060;38.698666;12
KIR3DS1	1	KIR3DS1*013	132.091681	53	.	0	-1	
