HG00276	CYP2C19
HG00276	CYP2C8
HG00276	CYP2C9
HG00276	CYP2D6
HG00276	CYP4F2
HG00276	SLCO1B1
HG00276	TPMT
HG00436	CYP2C19
HG00436	CYP2C8
HG00436	CYP2C9
HG00436	CYP2D6
HG00436	CYP4F2
HG00436	SLCO1B1
HG00436	TPMT
HG00589	CYP2C19
HG00589	CYP2C8
HG00589	CYP2C9
HG00589	CYP2D6
HG00589	CYP4F2
HG00589	SLCO1B1
HG00589	TPMT
HG01190	CYP2C19
HG01190	CYP2C8
HG01190	CYP2C9
HG01190	CYP2D6
HG01190	CYP4F2
HG01190	SLCO1B1
HG01190	TPMT
NA06991	CYP2C19
NA06991	CYP2C8
NA06991	CYP2C9
NA06991	CYP2D6
NA06991	CYP4F2
NA06991	SLCO1B1
NA06991	TPMT
NA07000	CYP2C19
NA07000	CYP2C8
NA07000	CYP2C9
NA07000	CYP2D6
NA07000	CYP4F2
NA07000	SLCO1B1
NA07000	TPMT
NA07019	CYP2C19
NA07019	CYP2C8
NA07019	CYP2C9
NA07019	CYP2D6
NA07019	CYP4F2
NA07019	SLCO1B1
NA07019	TPMT
NA07029	CYP2C19
NA07029	CYP2C8
NA07029	CYP2C9
NA07029	CYP2D6
NA07029	CYP4F2
NA07029	SLCO1B1
NA07029	TPMT
NA07055	CYP2C19
NA07055	CYP2C8
NA07055	CYP2C9
NA07055	CYP2D6
NA07055	CYP4F2
NA07055	SLCO1B1
NA07055	TPMT
NA07056	CYP2C19
NA07056	CYP2C8
NA07056	CYP2C9
NA07056	CYP2D6
NA07056	CYP4F2
NA07056	SLCO1B1
NA07056	TPMT
NA07348	CYP2C19
NA07348	CYP2C8
NA07348	CYP2C9
NA07348	CYP2D6
NA07348	CYP4F2
NA07348	SLCO1B1
NA07348	TPMT
NA07357	CYP2C19
NA07357	CYP2C8
NA07357	CYP2C9
NA07357	CYP2D6
NA07357	CYP4F2
NA07357	SLCO1B1
NA07357	TPMT
NA10831	CYP2C19
NA10831	CYP2C8
NA10831	CYP2C9
NA10831	CYP2D6
NA10831	CYP4F2
NA10831	SLCO1B1
NA10831	TPMT
NA10847	CYP2C19
NA10847	CYP2C8
NA10847	CYP2C9
NA10847	CYP2D6
NA10847	CYP4F2
NA10847	SLCO1B1
NA10847	TPMT
NA10851	CYP2C19
NA10851	CYP2C8
NA10851	CYP2C9
NA10851	CYP2D6
NA10851	CYP4F2
NA10851	SLCO1B1
NA10851	TPMT
NA10854	CYP2C19
NA10854	CYP2C8
NA10854	CYP2C9
NA10854	CYP2D6
NA10854	CYP4F2
NA10854	SLCO1B1
NA10854	TPMT
NA11832	CYP2C19
NA11832	CYP2C8
NA11832	CYP2C9
NA11832	CYP2D6
NA11832	CYP4F2
NA11832	SLCO1B1
NA11832	TPMT
NA11839	CYP2C19
NA11839	CYP2C8
NA11839	CYP2C9
NA11839	CYP2D6
NA11839	CYP4F2
NA11839	SLCO1B1
NA11839	TPMT
NA11993	CYP2C19
NA11993	CYP2C8
NA11993	CYP2C9
NA11993	CYP2D6
NA11993	CYP4F2
NA11993	SLCO1B1
NA11993	TPMT
NA12003	CYP2C19
NA12003	CYP2C8
NA12003	CYP2C9
NA12003	CYP2D6
NA12003	CYP4F2
NA12003	SLCO1B1
NA12003	TPMT
NA12006	CYP2C19
NA12006	CYP2C8
NA12006	CYP2C9
NA12006	CYP2D6
NA12006	CYP4F2
NA12006	SLCO1B1
NA12006	TPMT
NA12145	CYP2C19
NA12145	CYP2C8
NA12145	CYP2C9
NA12145	CYP2D6
NA12145	CYP4F2
NA12145	SLCO1B1
NA12145	TPMT
NA12156	CYP2C19
NA12156	CYP2C8
NA12156	CYP2C9
NA12156	CYP2D6
NA12156	CYP4F2
NA12156	SLCO1B1
NA12156	TPMT
NA12717	CYP2C19
NA12717	CYP2C8
NA12717	CYP2C9
NA12717	CYP2D6
NA12717	CYP4F2
NA12717	SLCO1B1
NA12717	TPMT
NA12813	CYP2C19
NA12813	CYP2C8
NA12813	CYP2C9
NA12813	CYP2D6
NA12813	CYP4F2
NA12813	SLCO1B1
NA12813	TPMT
NA12873	CYP2C19
NA12873	CYP2C8
NA12873	CYP2C9
NA12873	CYP2D6
NA12873	CYP4F2
NA12873	SLCO1B1
NA12873	TPMT
NA18484	CYP2C19
NA18484	CYP2C8
NA18484	CYP2C9
NA18484	CYP2D6
NA18484	CYP4F2
NA18484	SLCO1B1
NA18484	TPMT
NA18509	CYP2C19
NA18509	CYP2C8
NA18509	CYP2C9
NA18509	CYP2D6
NA18509	CYP4F2
NA18509	SLCO1B1
NA18509	TPMT
NA18518	CYP2C19
NA18518	CYP2C8
NA18518	CYP2C9
NA18518	CYP2D6
NA18518	CYP4F2
NA18518	SLCO1B1
NA18518	TPMT
NA18519	CYP2C19
NA18519	CYP2C8
NA18519	CYP2C9
NA18519	CYP2D6
NA18519	CYP4F2
NA18519	SLCO1B1
NA18519	TPMT
NA18524	CYP2C19
NA18524	CYP2C8
NA18524	CYP2C9
NA18524	CYP2D6
NA18524	CYP4F2
NA18524	SLCO1B1
NA18524	TPMT
NA18526	CYP2C19
NA18526	CYP2C8
NA18526	CYP2C9
NA18526	CYP2D6
NA18526	CYP4F2
NA18526	SLCO1B1
NA18526	TPMT
NA18540	CYP2C19
NA18540	CYP2C8
NA18540	CYP2C9
NA18540	CYP2D6
NA18540	CYP4F2
NA18540	SLCO1B1
NA18540	TPMT
NA18544	CYP2C19
NA18544	CYP2C8
NA18544	CYP2C9
NA18544	CYP2D6
NA18544	CYP4F2
NA18544	SLCO1B1
NA18544	TPMT
NA18552	CYP2C19
NA18552	CYP2C8
NA18552	CYP2C9
NA18552	CYP2D6
NA18552	CYP4F2
NA18552	SLCO1B1
NA18552	TPMT
NA18564	CYP2C19
NA18564	CYP2C8
NA18564	CYP2C9
NA18564	CYP2D6
NA18564	CYP4F2
NA18564	SLCO1B1
NA18564	TPMT
NA18565	CYP2C19
NA18565	CYP2C8
NA18565	CYP2C9
NA18565	CYP2D6
NA18565	CYP4F2
NA18565	SLCO1B1
NA18565	TPMT
NA18617	CYP2C19
NA18617	CYP2C8
NA18617	CYP2C9
NA18617	CYP2D6
NA18617	CYP4F2
NA18617	SLCO1B1
NA18617	TPMT
NA18855	CYP2C19
NA18855	CYP2C8
NA18855	CYP2C9
NA18855	CYP2D6
NA18855	CYP4F2
NA18855	SLCO1B1
NA18855	TPMT
NA18861	CYP2C19
NA18861	CYP2C8
NA18861	CYP2C9
NA18861	CYP2D6
NA18861	CYP4F2
NA18861	SLCO1B1
NA18861	TPMT
NA18868	CYP2C19
NA18868	CYP2C8
NA18868	CYP2C9
NA18868	CYP2D6
NA18868	CYP4F2
NA18868	SLCO1B1
NA18868	TPMT
NA18942	CYP2C19
NA18942	CYP2C8
NA18942	CYP2C9
NA18942	CYP2D6
NA18942	CYP4F2
NA18942	SLCO1B1
NA18942	TPMT
NA18952	CYP2C19
NA18952	CYP2C8
NA18952	CYP2C9
NA18952	CYP2D6
NA18952	CYP4F2
NA18952	SLCO1B1
NA18952	TPMT
NA18959	CYP2C19
NA18959	CYP2C8
NA18959	CYP2C9
NA18959	CYP2D6
NA18959	CYP4F2
NA18959	SLCO1B1
NA18959	TPMT
NA18966	CYP2C19
NA18966	CYP2C8
NA18966	CYP2C9
NA18966	CYP2D6
NA18966	CYP4F2
NA18966	SLCO1B1
NA18966	TPMT
NA18973	CYP2C19
NA18973	CYP2C8
NA18973	CYP2C9
NA18973	CYP2D6
NA18973	CYP4F2
NA18973	SLCO1B1
NA18973	TPMT
NA18980	CYP2C19
NA18980	CYP2C8
NA18980	CYP2C9
NA18980	CYP2D6
NA18980	CYP4F2
NA18980	SLCO1B1
NA18980	TPMT
NA18992	CYP2C19
NA18992	CYP2C8
NA18992	CYP2C9
NA18992	CYP2D6
NA18992	CYP4F2
NA18992	SLCO1B1
NA18992	TPMT
NA19003	CYP2C19
NA19003	CYP2C8
NA19003	CYP2C9
NA19003	CYP2D6
NA19003	CYP4F2
NA19003	SLCO1B1
NA19003	TPMT
NA19007	CYP2C19
NA19007	CYP2C8
NA19007	CYP2C9
NA19007	CYP2D6
NA19007	CYP4F2
NA19007	SLCO1B1
NA19007	TPMT
NA19095	CYP2C19
NA19095	CYP2C8
NA19095	CYP2C9
NA19095	CYP2D6
NA19095	CYP4F2
NA19095	SLCO1B1
NA19095	TPMT
NA19109	CYP2C19
NA19109	CYP2C8
NA19109	CYP2C9
NA19109	CYP2D6
NA19109	CYP4F2
NA19109	SLCO1B1
NA19109	TPMT
NA19122	CYP2C19
NA19122	CYP2C8
NA19122	CYP2C9
NA19122	CYP2D6
NA19122	CYP4F2
NA19122	SLCO1B1
NA19122	TPMT
NA19143	CYP2C19
NA19143	CYP2C8
NA19143	CYP2C9
NA19143	CYP2D6
NA19143	CYP4F2
NA19143	SLCO1B1
NA19143	TPMT
NA19147	CYP2C19
NA19147	CYP2C8
NA19147	CYP2C9
NA19147	CYP2D6
NA19147	CYP4F2
NA19147	SLCO1B1
NA19147	TPMT
NA19174	CYP2C19
NA19174	CYP2C8
NA19174	CYP2C9
NA19174	CYP2D6
NA19174	CYP4F2
NA19174	SLCO1B1
NA19174	TPMT
NA19176	CYP2C19
NA19176	CYP2C8
NA19176	CYP2C9
NA19176	CYP2D6
NA19176	CYP4F2
NA19176	SLCO1B1
NA19176	TPMT
NA19178	CYP2C19
NA19178	CYP2C8
NA19178	CYP2C9
NA19178	CYP2D6
NA19178	CYP4F2
NA19178	SLCO1B1
NA19178	TPMT
NA19207	CYP2C19
NA19207	CYP2C8
NA19207	CYP2C9
NA19207	CYP2D6
NA19207	CYP4F2
NA19207	SLCO1B1
NA19207	TPMT
NA19213	CYP2C19
NA19213	CYP2C8
NA19213	CYP2C9
NA19213	CYP2D6
NA19213	CYP4F2
NA19213	SLCO1B1
NA19213	TPMT
NA19226	CYP2C19
NA19226	CYP2C8
NA19226	CYP2C9
NA19226	CYP2D6
NA19226	CYP4F2
NA19226	SLCO1B1
NA19226	TPMT
NA19239	CYP2C19
NA19239	CYP2C8
NA19239	CYP2C9
NA19239	CYP2D6
NA19239	CYP4F2
NA19239	SLCO1B1
NA19239	TPMT
NA19789	CYP2C19
NA19789	CYP2C8
NA19789	CYP2C9
NA19789	CYP2D6
NA19789	CYP4F2
NA19789	SLCO1B1
NA19789	TPMT
NA19819	CYP2C19
NA19819	CYP2C8
NA19819	CYP2C9
NA19819	CYP2D6
NA19819	CYP4F2
NA19819	SLCO1B1
NA19819	TPMT
NA19908	CYP2C19
NA19908	CYP2C8
NA19908	CYP2C9
NA19908	CYP2D6
NA19908	CYP4F2
NA19908	SLCO1B1
NA19908	TPMT
NA19917	CYP2C19
NA19917	CYP2C8
NA19917	CYP2C9
NA19917	CYP2D6
NA19917	CYP4F2
NA19917	SLCO1B1
NA19917	TPMT
NA19920	CYP2C19
NA19920	CYP2C8
NA19920	CYP2C9
NA19920	CYP2D6
NA19920	CYP4F2
NA19920	SLCO1B1
NA19920	TPMT
NA20296	CYP2C19
NA20296	CYP2C8
NA20296	CYP2C9
NA20296	CYP2D6
NA20296	CYP4F2
NA20296	SLCO1B1
NA20296	TPMT
NA20509	CYP2C19
NA20509	CYP2C8
NA20509	CYP2C9
NA20509	CYP2D6
NA20509	CYP4F2
NA20509	SLCO1B1
NA20509	TPMT
NA21781	CYP2C19
NA21781	CYP2C8
NA21781	CYP2C9
NA21781	CYP2D6
NA21781	CYP4F2
NA21781	SLCO1B1
NA21781	TPMT
