ID,Gene,Ground_Truth,Prediction
HG00438,KIR2DL1,003/003,003/003
HG00438,KIR2DL2,-/-,-/-
HG00438,KIR2DL3,001/001,001/001
HG00438,KIR2DL4,001/001,001/001
HG00438,KIR2DL5A,-/-,-/-
HG00438,KIR2DL5B,-/-,-/-
HG00438,KIR2DP1,002/002,002/002
HG00438,KIR2DS1,-/-,-/-
HG00438,KIR2DS2,-/-,-/-
HG00438,KIR2DS3,-/-,-/-
HG00438,KIR2DS4,001/001,001/001
HG00438,KIR2DS5,-/-,-/-
HG00438,KIR3DL1,015/015,015/015
HG00438,KIR3DL2,002/002,002/002
HG00438,KIR3DL3,010/010,010/010
HG00438,KIR3DP1,003/003,003/003
HG00438,KIR3DS1,-/-,-/-
HG00621,KIR2DL1,003/003,003/003
HG00621,KIR2DL2,-/-,-/-
HG00621,KIR2DL3,001/001,001/001
HG00621,KIR2DL4,001/001,001/001
HG00621,KIR2DL5A,-/-,-/-
HG00621,KIR2DL5B,-/-,-/-
HG00621,KIR2DP1,002/002,002/002
HG00621,KIR2DS1,-/-,-/-
HG00621,KIR2DS2,-/-,-/-
HG00621,KIR2DS3,-/-,-/-
HG00621,KIR2DS4,001/001,001/001
HG00621,KIR2DS5,-/-,-/-
HG00621,KIR3DL1,015/015,015/015
HG00621,KIR3DL2,002/002,002/002
HG00621,KIR3DL3,010/015,010/015
HG00621,KIR3DP1,003/003,003/003
HG00621,KIR3DS1,-/-,-/-
HG00673,KIR2DL1,003/003,003/003
HG00673,KIR2DL2,-/-,-/-
HG00673,KIR2DL3,001/001,001/001
HG00673,KIR2DL4,005/006,005/006
HG00673,KIR2DL5A,001/-,001/-
HG00673,KIR2DL5B,-/-,-/-
HG00673,KIR2DP1,002/002,002/002
HG00673,KIR2DS1,002/-,002/-
HG00673,KIR2DS2,-/-,-/-
HG00673,KIR2DS3,-/-,-/-
HG00673,KIR2DS4,004/-,004/-
HG00673,KIR2DS5,002/-,002/-
HG00673,KIR3DL1,007/-,007/-
HG00673,KIR3DL2,008/093,008/093
HG00673,KIR3DL3,009/010,009/010
HG00673,KIR3DP1,003/003,003/003
HG00673,KIR3DS1,013/-,013/-
HG00733,KIR2DL1,003/004,003/004
HG00733,KIR2DL2,001/-,001/-
HG00733,KIR2DL3,006/-,006/-
HG00733,KIR2DL4,001+005/008,001+005/005
HG00733,KIR2DL5A,-/-,005/-
HG00733,KIR2DL5B,002/-,-/-
HG00733,KIR2DP1,001/007,001/007
HG00733,KIR2DS1,-/-,-/-
HG00733,KIR2DS2,001/-,001/-
HG00733,KIR2DS3,001/-,001/-
HG00733,KIR2DS4,001/003,001/001
HG00733,KIR2DS5,-/-,-/-
HG00733,KIR3DL1,001/002,002/-
HG00733,KIR3DL2,001/002,001/002
HG00733,KIR3DL3,014/055,014/055
HG00733,KIR3DP1,003+004/010,003/010
HG00733,KIR3DS1,013/-,013/-
HG00735,KIR2DL1,003/-,003/-
HG00735,KIR2DL2,001/-,001/-
HG00735,KIR2DL3,001/-,001/-
HG00735,KIR2DL4,008/011,008/011
HG00735,KIR2DL5A,-/-,-/-
HG00735,KIR2DL5B,-/-,-/-
HG00735,KIR2DP1,002/-,-/-
HG00735,KIR2DS1,-/-,-/-
HG00735,KIR2DS2,001/-,001/-
HG00735,KIR2DS3,-/-,-/-
HG00735,KIR2DS4,006/010,006/010
HG00735,KIR2DS5,-/-,-/-
HG00735,KIR3DL1,004/005,004/005
HG00735,KIR3DL2,001/003,001/003
HG00735,KIR3DL3,004/009,003/008
HG00735,KIR3DP1,003/003,003/003
HG00735,KIR3DS1,-/-,-/-
HG00741,KIR2DL1,002/-,002/-
HG00741,KIR2DL2,-/-,-/-
HG00741,KIR2DL3,001/002,001/002
HG00741,KIR2DL4,008/-,008/-
HG00741,KIR2DL5A,-/-,-/-
HG00741,KIR2DL5B,-/-,-/-
HG00741,KIR2DP1,002/003,002/003
HG00741,KIR2DS1,002/-,002/012
HG00741,KIR2DS2,-/-,-/-
HG00741,KIR2DS3,-/-,-/-
HG00741,KIR2DS4,006/-,006/-
HG00741,KIR2DS5,-/-,-/-
HG00741,KIR3DL1,004/-,004/-
HG00741,KIR3DL2,005/-,005/043
HG00741,KIR3DL3,001/013,001/013
HG00741,KIR3DP1,006/-,006/-
HG00741,KIR3DS1,-/-,-/-
HG01071,KIR2DL1,003/003,003/003
HG01071,KIR2DL2,-/-,-/-
HG01071,KIR2DL3,001/001,001/001
HG01071,KIR2DL4,001/008,001/008
HG01071,KIR2DL5A,-/-,-/-
HG01071,KIR2DL5B,-/-,-/-
HG01071,KIR2DP1,002/002,002/002
HG01071,KIR2DS1,-/-,-/-
HG01071,KIR2DS2,-/-,-/-
HG01071,KIR2DS3,-/-,-/-
HG01071,KIR2DS4,001/006,001/006
HG01071,KIR2DS5,-/-,-/-
HG01071,KIR3DL1,004/020,004+020/063
HG01071,KIR3DL2,005/009,005/062
HG01071,KIR3DL3,002/006,006/015
HG01071,KIR3DP1,003/003,003/003
HG01071,KIR3DS1,-/-,-/-
HG01106,KIR2DL1,003/003,003/003
HG01106,KIR2DL2,-/-,-/-
HG01106,KIR2DL3,001/001,001/001
HG01106,KIR2DL4,001/001,001/001
HG01106,KIR2DL5A,-/-,-/-
HG01106,KIR2DL5B,-/-,-/-
HG01106,KIR2DP1,002/008,002/008
HG01106,KIR2DS1,-/-,-/-
HG01106,KIR2DS2,-/-,-/-
HG01106,KIR2DS3,-/-,-/-
HG01106,KIR2DS4,001/001,001/001
HG01106,KIR2DS5,-/-,-/-
HG01106,KIR3DL1,015/015,015/015
HG01106,KIR3DL2,002/002,002/002
HG01106,KIR3DL3,002/008,002/008
HG01106,KIR3DP1,003/003,003/003
HG01106,KIR3DS1,-/-,-/-
HG01109,KIR2DL1,003/003,003/006
HG01109,KIR2DL2,-/-,-/-
HG01109,KIR2DL3,001/005,001/005
HG01109,KIR2DL4,001/012,001/012
HG01109,KIR2DL5A,-/-,-/-
HG01109,KIR2DL5B,-/-,-/-
HG01109,KIR2DP1,002/010,002/006
HG01109,KIR2DS1,-/-,-/-
HG01109,KIR2DS2,-/-,-/-
HG01109,KIR2DS3,-/-,-/-
HG01109,KIR2DS4,001/003,001/003
HG01109,KIR2DS5,-/-,-/-
HG01109,KIR3DL1,015/022,015/111
HG01109,KIR3DL2,001/013,001/001
HG01109,KIR3DL3,009/035,009/035
HG01109,KIR3DP1,003/010,003/010
HG01109,KIR3DS1,-/-,-/-
HG01175,KIR2DL1,003/-,003/-
HG01175,KIR2DL2,003/-,003/-
HG01175,KIR2DL3,001/-,001/-
HG01175,KIR2DL4,001/005,001/005
HG01175,KIR2DL5A,005/-,005/-
HG01175,KIR2DL5B,-/-,-/-
HG01175,KIR2DP1,002/-,002/-
HG01175,KIR2DS1,002/-,002/-
HG01175,KIR2DS2,001/-,001/-
HG01175,KIR2DS3,002/-,002/-
HG01175,KIR2DS4,003/-,003/-
HG01175,KIR2DS5,-/-,-/-
HG01175,KIR3DL1,008/-,008/-
HG01175,KIR3DL2,007/009,007/019
HG01175,KIR3DL3,002/007,002/007
HG01175,KIR3DP1,003/009,003/009
HG01175,KIR3DS1,013/-,013/-
HG01243,KIR2DL1,-/-,-/-
HG01243,KIR2DL2,001/003,001/003
HG01243,KIR2DL3,-/-,-/-
HG01243,KIR2DL4,-/-,-/-
HG01243,KIR2DL5A,-/-,-/-
HG01243,KIR2DL5B,006/008,006/006
HG01243,KIR2DP1,-/-,-/-
HG01243,KIR2DS1,002/002,002/002
HG01243,KIR2DS2,001/001,001/001
HG01243,KIR2DS3,-/-,-/-
HG01243,KIR2DS4,-/-,-/-
HG01243,KIR2DS5,002/002,002/002
HG01243,KIR3DL1,-/-,-/-
HG01243,KIR3DL2,019/058,019+058/112
HG01243,KIR3DL3,014/050,014/050
HG01243,KIR3DP1,-/-,-/-
HG01243,KIR3DS1,-/-,-/-
HG01258,KIR2DL1,002/-,002/-
HG01258,KIR2DL2,003/-,003/-
HG01258,KIR2DL3,002/-,002/-
HG01258,KIR2DL4,005/005,005/005
HG01258,KIR2DL5A,001/001,001/-
HG01258,KIR2DL5B,-/-,008/-
HG01258,KIR2DP1,003/-,003/-
HG01258,KIR2DS1,002/002,002/002
HG01258,KIR2DS2,001/-,001/-
HG01258,KIR2DS3,-/-,-/-
HG01258,KIR2DS4,-/-,-/-
HG01258,KIR2DS5,002/002,002/002
HG01258,KIR3DL1,-/-,-/-
HG01258,KIR3DL2,007/018,007/018
HG01258,KIR3DL3,006/014,006/014
HG01258,KIR3DP1,009/015,009/015
HG01258,KIR3DS1,013/013,013/013
HG01358,KIR2DL1,003/-,003/-
HG01358,KIR2DL2,001/-,001/-
HG01358,KIR2DL3,001/-,001/-
HG01358,KIR2DL4,001/-,001/-
HG01358,KIR2DL5A,-/-,-/-
HG01358,KIR2DL5B,008/-,008/-
HG01358,KIR2DP1,002/-,002/-
HG01358,KIR2DS1,002/-,002/-
HG01358,KIR2DS2,001/-,001/-
HG01358,KIR2DS3,-/-,-/-
HG01358,KIR2DS4,001/-,001/-
HG01358,KIR2DS5,002/-,002/-
HG01358,KIR3DL1,015/-,015/-
HG01358,KIR3DL2,002/007,002/007
HG01358,KIR3DL3,009/028,003/010
HG01358,KIR3DP1,003/-,001/003
HG01358,KIR3DS1,-/-,-/-
HG01361,KIR2DL1,003/-,003/-
HG01361,KIR2DL2,003/-,003/-
HG01361,KIR2DL3,001/-,001/-
HG01361,KIR2DL4,005/008,005/008
HG01361,KIR2DL5A,001/-,001/-
HG01361,KIR2DL5B,-/-,-/-
HG01361,KIR2DP1,002/-,002/-
HG01361,KIR2DS1,002/-,002/-
HG01361,KIR2DS2,001/-,001/-
HG01361,KIR2DS3,-/-,-/-
HG01361,KIR2DS4,003/-,003/-
HG01361,KIR2DS5,002/-,002/-
HG01361,KIR3DL1,001/-,001/-
HG01361,KIR3DL2,001/018,001/018
HG01361,KIR3DL3,014/048,014/048
HG01361,KIR3DP1,003/009,003/009
HG01361,KIR3DS1,013/-,013/-
HG01891,KIR2DL1,003/004,003/004
HG01891,KIR2DL2,001/-,001/-
HG01891,KIR2DL3,001/-,001/-
HG01891,KIR2DL4,001/017,001/001
HG01891,KIR2DL5A,-/-,-/-
HG01891,KIR2DL5B,006/-,006/-
HG01891,KIR2DP1,002/010,002/010
HG01891,KIR2DS1,-/-,-/-
HG01891,KIR2DS2,001/-,001/-
HG01891,KIR2DS3,-/-,-/-
HG01891,KIR2DS4,001/001,001/001
HG01891,KIR2DS5,007/-,007/-
HG01891,KIR3DL1,015/031,015/031
HG01891,KIR3DL2,001/001,001/001
HG01891,KIR3DL3,004/011,004/011
HG01891,KIR3DP1,003/003,003/009
HG01891,KIR3DS1,-/-,-/-
HG01928,KIR2DL1,003/003,003/003
HG01928,KIR2DL2,-/-,-/-
HG01928,KIR2DL3,001/001,001/001
HG01928,KIR2DL4,001/001,001/001
HG01928,KIR2DL5A,-/-,-/-
HG01928,KIR2DL5B,-/-,-/-
HG01928,KIR2DP1,002/002,002/002
HG01928,KIR2DS1,-/-,-/-
HG01928,KIR2DS2,-/-,-/-
HG01928,KIR2DS3,-/-,-/-
HG01928,KIR2DS4,001/001,001/001
HG01928,KIR2DS5,-/-,-/-
HG01928,KIR3DL1,015/025,015/025
HG01928,KIR3DL2,002/071,002/071
HG01928,KIR3DL3,009/009,009/009
HG01928,KIR3DP1,003/003,003/003
HG01928,KIR3DS1,-/-,-/-
HG01952,KIR2DL1,003/004,003/004
HG01952,KIR2DL2,001/-,001/-
HG01952,KIR2DL3,001/-,001/-
HG01952,KIR2DL4,001/008,001/008
HG01952,KIR2DL5A,-/-,-/-
HG01952,KIR2DL5B,002/-,002/-
HG01952,KIR2DP1,001/002,001/002
HG01952,KIR2DS1,-/-,-/-
HG01952,KIR2DS2,001/-,001/-
HG01952,KIR2DS3,001/-,001/-
HG01952,KIR2DS4,001/006,001/006
HG01952,KIR2DS5,-/-,-/-
HG01952,KIR3DL1,004/029,004/029
HG01952,KIR3DL2,002/005,002/005
HG01952,KIR3DL3,003/010,003/010
HG01952,KIR3DP1,003/003,003/-
HG01952,KIR3DS1,-/-,-/-
HG01978,KIR2DL1,003/003,003/003
HG01978,KIR2DL2,-/-,-/-
HG01978,KIR2DL3,001/001,001/001
HG01978,KIR2DL4,001/001,001/001
HG01978,KIR2DL5A,-/-,-/-
HG01978,KIR2DL5B,-/-,-/-
HG01978,KIR2DP1,002/002,002/002
HG01978,KIR2DS1,-/-,-/-
HG01978,KIR2DS2,-/-,-/-
HG01978,KIR2DS3,-/-,-/-
HG01978,KIR2DS4,001/001,001/001
HG01978,KIR2DS5,-/-,-/-
HG01978,KIR3DL1,015/029,015/029
HG01978,KIR3DL2,002/002,002/002
HG01978,KIR3DL3,008/009,008/009
HG01978,KIR3DP1,003/003,003/003
HG01978,KIR3DS1,-/-,-/-
HG02055,KIR2DL1,003/003,003/003
HG02055,KIR2DL2,-/-,-/-
HG02055,KIR2DL3,005/005,005/005
HG02055,KIR2DL4,001/022,001/022
HG02055,KIR2DL5A,-/-,-/-
HG02055,KIR2DL5B,-/-,-/-
HG02055,KIR2DP1,006/010,006/010
HG02055,KIR2DS1,-/-,-/-
HG02055,KIR2DS2,-/-,-/-
HG02055,KIR2DS3,-/-,-/-
HG02055,KIR2DS4,001/006,001/006
HG02055,KIR2DS5,-/-,-/-
HG02055,KIR3DL1,015/031,015/031
HG02055,KIR3DL2,001/001,001/001
HG02055,KIR3DL3,035/041,035/041
HG02055,KIR3DP1,003/003,003/003
HG02055,KIR3DS1,-/-,-/-
HG02080,KIR2DL1,003/003,003/003
HG02080,KIR2DL2,-/-,-/-
HG02080,KIR2DL3,001/001,001/001
HG02080,KIR2DL4,001/001,001/001
HG02080,KIR2DL5A,-/-,-/-
HG02080,KIR2DL5B,-/-,-/-
HG02080,KIR2DP1,002/002,002/002
HG02080,KIR2DS1,-/-,-/-
HG02080,KIR2DS2,-/-,-/-
HG02080,KIR2DS3,-/-,-/-
HG02080,KIR2DS4,001/001,001/001
HG02080,KIR2DS5,-/-,-/-
HG02080,KIR3DL1,015/029,015/029
HG02080,KIR3DL2,002/002,002/002
HG02080,KIR3DL3,010/010,010/010
HG02080,KIR3DP1,003/003,003/-
HG02080,KIR3DS1,-/-,-/-
HG02145,KIR2DL1,003/004,003/004
HG02145,KIR2DL2,-/-,-/-
HG02145,KIR2DL3,001/010,001/-
HG02145,KIR2DL4,001/001,001/001
HG02145,KIR2DL5A,-/-,-/-
HG02145,KIR2DL5B,002/-,002/-
HG02145,KIR2DP1,001/002,001/002
HG02145,KIR2DS1,-/-,-/-
HG02145,KIR2DS2,-/-,-/-
HG02145,KIR2DS3,001/-,001/-
HG02145,KIR2DS4,001/001,001/001
HG02145,KIR2DS5,-/-,-/-
HG02145,KIR3DL1,020/030,015/020
HG02145,KIR3DL2,009/013,009/013
HG02145,KIR3DL3,009/049,008/041
HG02145,KIR3DP1,003/010,003/010
HG02145,KIR3DS1,-/-,-/-
HG02148,KIR2DL1,003/003,003/003
HG02148,KIR2DL2,-/-,-/-
HG02148,KIR2DL3,001/001,001/001
HG02148,KIR2DL4,001/011,001/011
HG02148,KIR2DL5A,-/-,-/-
HG02148,KIR2DL5B,-/-,-/-
HG02148,KIR2DP1,002/002,002/002
HG02148,KIR2DS1,-/-,-/-
HG02148,KIR2DS2,-/-,-/-
HG02148,KIR2DS3,-/-,-/-
HG02148,KIR2DS4,001/010,001/010
HG02148,KIR2DS5,-/-,-/-
HG02148,KIR3DL1,005/015,005/015
HG02148,KIR3DL2,002/010,002/010
HG02148,KIR3DL3,008/009,008/009
HG02148,KIR3DP1,003/003,003/003
HG02148,KIR3DS1,-/-,-/-
HG02257,KIR2DL1,004/007,004+007/054
HG02257,KIR2DL2,001/003,001/003
HG02257,KIR2DL3,-/-,-/-
HG02257,KIR2DL4,008/011,008/011
HG02257,KIR2DL5A,-/-,005/-
HG02257,KIR2DL5B,002/002,002/-
HG02257,KIR2DP1,001/001,001+001/001
HG02257,KIR2DS1,-/-,-/-
HG02257,KIR2DS2,001/-,001/-
HG02257,KIR2DS3,001/001,001/001
HG02257,KIR2DS4,006/010,006/010
HG02257,KIR2DS5,-/-,-/-
HG02257,KIR3DL1,004/005,004/005
HG02257,KIR3DL2,003/010,003/010
HG02257,KIR3DL3,014/014,014/014
HG02257,KIR3DP1,003/009,003/009
HG02257,KIR3DS1,-/-,-/-
HG02572,KIR2DL1,001/002,001/002
HG02572,KIR2DL2,-/-,-/-
HG02572,KIR2DL3,001/006,001/006
HG02572,KIR2DL4,008/022,001/008
HG02572,KIR2DL5A,-/-,-/-
HG02572,KIR2DL5B,-/-,-/-
HG02572,KIR2DP1,003/007,003/007
HG02572,KIR2DS1,-/-,-/-
HG02572,KIR2DS2,-/-,-/-
HG02572,KIR2DS3,-/-,-/-
HG02572,KIR2DS4,001/003,001/003
HG02572,KIR2DS5,-/-,-/-
HG02572,KIR3DL1,001/031,001/031
HG02572,KIR3DL2,001/001,001/001
HG02572,KIR3DL3,002/055,002/055
HG02572,KIR3DP1,010/015,006/014
HG02572,KIR3DS1,-/-,-/-
HG02622,KIR2DL1,003/003,003/012
HG02622,KIR2DL2,-/-,-/-
HG02622,KIR2DL3,001/005,001/005
HG02622,KIR2DL4,001+005/011,001+005/005
HG02622,KIR2DL5A,-/-,-/-
HG02622,KIR2DL5B,-/-,-/-
HG02622,KIR2DP1,002/003,002/003
HG02622,KIR2DS1,-/-,-/-
HG02622,KIR2DS2,-/-,-/-
HG02622,KIR2DS3,-/-,-/-
HG02622,KIR2DS4,001/010,001/010
HG02622,KIR2DS5,-/-,-/-
HG02622,KIR3DL1,005/015,005/015
HG02622,KIR3DL2,001/086,001/086
HG02622,KIR3DL3,002/027,002/027
HG02622,KIR3DP1,003+009/010,009/010
HG02622,KIR3DS1,013/-,013/-
HG02630,KIR2DL1,003/003,003/003
HG02630,KIR2DL2,-/-,-/-
HG02630,KIR2DL3,005/005,005/005
HG02630,KIR2DL4,005+005/012,005+005/012
HG02630,KIR2DL5A,001/-,001/-
HG02630,KIR2DL5B,-/-,-/-
HG02630,KIR2DP1,006/006,006/006
HG02630,KIR2DS1,002/-,002/-
HG02630,KIR2DS2,-/-,-/-
HG02630,KIR2DS3,-/-,-/-
HG02630,KIR2DS4,001/001,001/001
HG02630,KIR2DS5,002/-,002/-
HG02630,KIR3DL1,035/-,022/-
HG02630,KIR3DL2,007/105,007/105
HG02630,KIR3DL3,027/035,027/035
HG02630,KIR3DP1,003+003/011,003+010/011
HG02630,KIR3DS1,013/013,013/013
HG02717,KIR2DL1,003/003,003/003
HG02717,KIR2DL2,-/-,-/-
HG02717,KIR2DL3,001/005,001/005
HG02717,KIR2DL4,001+005/011,001+005/011
HG02717,KIR2DL5A,-/-,-/-
HG02717,KIR2DL5B,-/-,-/-
HG02717,KIR2DP1,002/003,002/003
HG02717,KIR2DS1,-/-,-/-
HG02717,KIR2DS2,-/-,-/-
HG02717,KIR2DS3,-/-,-/-
HG02717,KIR2DS4,001/010,001/010
HG02717,KIR2DS5,-/-,-/-
HG02717,KIR3DL1,005/015,005/015
HG02717,KIR3DL2,040/086,040/086
HG02717,KIR3DL3,011/027,011/027
HG02717,KIR3DP1,003+009/010,009/010
HG02717,KIR3DS1,013/-,013/-
HG02723,KIR2DL1,003/-,003/-
HG02723,KIR2DL2,001/-,001/-
HG02723,KIR2DL3,-/-,-/-
HG02723,KIR2DL4,001/008,001/008
HG02723,KIR2DL5A,-/-,-/-
HG02723,KIR2DL5B,-/-,-/-
HG02723,KIR2DP1,002/-,002/-
HG02723,KIR2DS1,-/-,-/-
HG02723,KIR2DS2,001/-,001/-
HG02723,KIR2DS3,-/-,-/-
HG02723,KIR2DS4,001/006,001/006
HG02723,KIR2DS5,-/-,-/-
HG02723,KIR3DL1,004/015,004/015
HG02723,KIR3DL2,001/002,001/002
HG02723,KIR3DL3,003/011,003/011
HG02723,KIR3DP1,001/028,001/028
HG02723,KIR3DS1,-/-,-/-
HG02818,KIR2DL1,003/003,003/003
HG02818,KIR2DL2,-/-,-/-
HG02818,KIR2DL3,001/005,001/005
HG02818,KIR2DL4,001/008,001/008
HG02818,KIR2DL5A,-/-,-/-
HG02818,KIR2DL5B,-/-,-/-
HG02818,KIR2DP1,002/010,002/010
HG02818,KIR2DS1,-/-,-/-
HG02818,KIR2DS2,-/-,-/-
HG02818,KIR2DS3,-/-,-/-
HG02818,KIR2DS4,001/003,001/003
HG02818,KIR2DS5,-/-,-/-
HG02818,KIR3DL1,001/015,001/015
HG02818,KIR3DL2,001/013,001/013
HG02818,KIR3DL3,002/049,002/049
HG02818,KIR3DP1,003/010,010/010
HG02818,KIR3DS1,-/-,-/-
HG02886,KIR2DL1,002/003,002/004
HG02886,KIR2DL2,-/-,-/-
HG02886,KIR2DL3,001/005,001/005
HG02886,KIR2DL4,005/022,005/022
HG02886,KIR2DL5A,001/-,001/-
HG02886,KIR2DL5B,-/-,-/-
HG02886,KIR2DP1,003/010,003/010
HG02886,KIR2DS1,002/-,002/-
HG02886,KIR2DS2,-/-,-/-
HG02886,KIR2DS3,-/-,-/-
HG02886,KIR2DS4,001/-,001/-
HG02886,KIR2DS5,002/-,002/-
HG02886,KIR3DL1,031/-,031/-
HG02886,KIR3DL2,001/006,001/006
HG02886,KIR3DL3,002/035,002/035
HG02886,KIR3DP1,003/015,015/-
HG02886,KIR3DS1,013/-,013/-
HG03098,KIR2DL1,003/-,003/-
HG03098,KIR2DL2,003/-,003/-
HG03098,KIR2DL3,001/-,001/-
HG03098,KIR2DL4,001/-,001/-
HG03098,KIR2DL5A,-/-,-/-
HG03098,KIR2DL5B,006/-,006/-
HG03098,KIR2DP1,002/-,002/-
HG03098,KIR2DS1,002/-,002/-
HG03098,KIR2DS2,001/-,001/-
HG03098,KIR2DS3,-/-,002/-
HG03098,KIR2DS4,001/-,001/-
HG03098,KIR2DS5,002/-,-/-
HG03098,KIR3DL1,015/-,015/-
HG03098,KIR3DL2,019/040,019/040
HG03098,KIR3DL3,050/055,034/053
HG03098,KIR3DP1,010/-,010/-
HG03098,KIR3DS1,-/-,-/-
HG03453,KIR2DL1,003/004,003/004
HG03453,KIR2DL2,003/-,006/-
HG03453,KIR2DL3,001/-,001/-
HG03453,KIR2DL4,001/001,001/001
HG03453,KIR2DL5A,-/-,-/-
HG03453,KIR2DL5B,006/-,006/-
HG03453,KIR2DP1,002/010,002/010
HG03453,KIR2DS1,-/-,-/-
HG03453,KIR2DS2,-/-,-/-
HG03453,KIR2DS3,-/-,-/-
HG03453,KIR2DS4,001/001,001/001
HG03453,KIR2DS5,007/-,007/-
HG03453,KIR3DL1,015/031,015/031
HG03453,KIR3DL2,001/013,001/013
HG03453,KIR3DL3,009/014,002/003
HG03453,KIR3DP1,003/003,003/003
HG03453,KIR3DS1,-/-,-/-
HG03486,KIR2DL1,003/003,003/003
HG03486,KIR2DL2,-/-,-/-
HG03486,KIR2DL3,001/005,001/005
HG03486,KIR2DL4,001/022,022/022
HG03486,KIR2DL5A,-/-,-/-
HG03486,KIR2DL5B,-/-,-/-
HG03486,KIR2DP1,002/010,002/006
HG03486,KIR2DS1,-/-,-/-
HG03486,KIR2DS2,-/-,-/-
HG03486,KIR2DS3,-/-,-/-
HG03486,KIR2DS4,001/001,001/001
HG03486,KIR2DS5,-/-,-/-
HG03486,KIR3DL1,015/031,015/031
HG03486,KIR3DL2,001/010,010/013
HG03486,KIR3DL3,015/035,015/035
HG03486,KIR3DP1,003/010,010/010
HG03486,KIR3DS1,-/-,-/-
HG03492,KIR2DL1,002/003,002/003
HG03492,KIR2DL2,-/-,-/-
HG03492,KIR2DL3,001/002,001/002
HG03492,KIR2DL4,001/011,001/011
HG03492,KIR2DL5A,-/-,-/-
HG03492,KIR2DL5B,-/-,-/-
HG03492,KIR2DP1,002/003,002/003
HG03492,KIR2DS1,-/-,-/-
HG03492,KIR2DS2,-/-,-/-
HG03492,KIR2DS3,-/-,-/-
HG03492,KIR2DS4,003/010,003/010
HG03492,KIR2DS5,-/-,-/-
HG03492,KIR3DL1,005/008,005/008
HG03492,KIR3DL2,001/009,001/009
HG03492,KIR3DL3,002/006,015/019
HG03492,KIR3DP1,003/005,005/005
HG03492,KIR3DS1,-/-,-/-
HG03516,KIR2DL1,003/004,003+004/051
HG03516,KIR2DL2,001/-,001/-
HG03516,KIR2DL3,001/-,001/-
HG03516,KIR2DL4,001/008,001/008
HG03516,KIR2DL5A,-/-,-/-
HG03516,KIR2DL5B,002/-,002/-
HG03516,KIR2DP1,001/002,001/002
HG03516,KIR2DS1,-/-,-/-
HG03516,KIR2DS2,001/-,001/-
HG03516,KIR2DS3,001/-,001/-
HG03516,KIR2DS4,001/003,001/003
HG03516,KIR2DS5,-/-,-/-
HG03516,KIR3DL1,001/025,001/025
HG03516,KIR3DL2,001/002,001/002
HG03516,KIR3DL3,014/055,034/055
HG03516,KIR3DP1,003/003,003/003
HG03516,KIR3DS1,-/-,-/-
HG03540,KIR2DL1,003/003,003/003
HG03540,KIR2DL2,-/-,-/-
HG03540,KIR2DL3,001/006,001/006
HG03540,KIR2DL4,001/008,001/008
HG03540,KIR2DL5A,-/-,-/-
HG03540,KIR2DL5B,-/-,-/-
HG03540,KIR2DP1,002/007,002/007
HG03540,KIR2DS1,-/-,-/-
HG03540,KIR2DS2,-/-,-/-
HG03540,KIR2DS3,-/-,-/-
HG03540,KIR2DS4,001/-,001/-
HG03540,KIR2DS5,-/-,-/-
HG03540,KIR3DL1,017/059,017/059
HG03540,KIR3DL2,010/-,001/-
HG03540,KIR3DL3,015/055,015/055
HG03540,KIR3DP1,010/017,010/017
HG03540,KIR3DS1,-/-,-/-
HG03579,KIR2DL1,003/004,003+004/051
HG03579,KIR2DL2,001/-,001/-
HG03579,KIR2DL3,005/-,005/-
HG03579,KIR2DL4,001/012,001/012
HG03579,KIR2DL5A,-/-,-/-
HG03579,KIR2DL5B,017/-,002/-
HG03579,KIR2DP1,001/010,001/001
HG03579,KIR2DS1,-/-,-/-
HG03579,KIR2DS2,001/-,001/-
HG03579,KIR2DS3,001/-,001/-
HG03579,KIR2DS4,001/003,001/003
HG03579,KIR2DS5,-/-,-/-
HG03579,KIR3DL1,017/022,017/022
HG03579,KIR3DL2,001/010,001/010
HG03579,KIR3DL3,032/041,032/041
HG03579,KIR3DP1,003/003,003/003
HG03579,KIR3DS1,-/-,-/-
NA18906,KIR2DL1,003/004,003/004
NA18906,KIR2DL2,-/-,-/-
NA18906,KIR2DL3,001/002,001/-
NA18906,KIR2DL4,001/022,001/022
NA18906,KIR2DL5A,-/-,-/-
NA18906,KIR2DL5B,-/-,-/-
NA18906,KIR2DP1,002/003,002/003
NA18906,KIR2DS1,-/-,-/-
NA18906,KIR2DS2,-/-,-/-
NA18906,KIR2DS3,-/-,-/-
NA18906,KIR2DS4,001/001,001/001
NA18906,KIR2DS5,-/-,-/-
NA18906,KIR3DL1,015/031,015/031
NA18906,KIR3DL2,001/095,001/095
NA18906,KIR3DL3,009/011,009/011
NA18906,KIR3DP1,003/003,003/-
NA18906,KIR3DS1,-/-,-/-
NA19240,KIR2DL1,003/-,003/012
NA19240,KIR2DL2,003/-,-/-
NA19240,KIR2DL3,006/-,006/-
NA19240,KIR2DL4,012/-,012/-
NA19240,KIR2DL5A,-/-,-/-
NA19240,KIR2DL5B,003/-,003/-
NA19240,KIR2DP1,007/-,007/-
NA19240,KIR2DS1,002/-,-/-
NA19240,KIR2DS2,001/-,-/-
NA19240,KIR2DS3,-/-,002/-
NA19240,KIR2DS4,001/-,001/001
NA19240,KIR2DS5,005/-,-/-
NA19240,KIR3DL1,035/-,022/-
NA19240,KIR3DL2,006/105,006/100
NA19240,KIR3DL3,022/055,012/034
NA19240,KIR3DP1,010/-,010/-
NA19240,KIR3DS1,-/-,-/-
NA20129,KIR2DL1,003/-,003/-
NA20129,KIR2DL2,003/-,003/-
NA20129,KIR2DL3,006/-,006/-
NA20129,KIR2DL4,005/008,005/008
NA20129,KIR2DL5A,001/-,001/-
NA20129,KIR2DL5B,-/-,-/-
NA20129,KIR2DP1,007/-,007/-
NA20129,KIR2DS1,002/-,002/-
NA20129,KIR2DS2,001/-,001/-
NA20129,KIR2DS3,-/-,-/-
NA20129,KIR2DS4,006/-,006/-
NA20129,KIR2DS5,002/-,002/-
NA20129,KIR3DL1,004/-,004/-
NA20129,KIR3DL2,003/007,003/007
NA20129,KIR3DL3,004/055,004/055
NA20129,KIR3DP1,007/010,007/010
NA20129,KIR3DS1,013/-,013/-
